State,City,Existing_Stores,Estimated_Population,Per_Capita_Income,Malls,buyers_count,State_Encoded,City_Encoded
Andhra Pradesh,Adoni,1,261000,219518,1,130500.0,0,0
Andhra Pradesh,Anantapur,2,498089,219518,1,249044.5,0,16
Andhra Pradesh,Chirala,1,229000,219518,1,114500.0,0,63
Andhra Pradesh,Chittoor,1,248000,219518,1,124000.0,0,65
Andhra Pradesh,Eluru,1,355000,219518,1,177500.0,0,85
Andhra Pradesh,Guntakal,1,178000,219518,1,89000.0,0,104
Andhra Pradesh,Guntur,2,940205,219518,1,470102.5,0,105
Andhra Pradesh,Hindupuram,1,214000,219518,1,107000.0,0,117
Andhra Pradesh,Kadapa,1,214000,219518,1,107000.0,0,140
Andhra Pradesh,Kakinada,2,552000,219518,1,276000.0,0,142
Andhra Pradesh,Kurnool,1,745946,219518,1,372973.0,0,168
Andhra Pradesh,Nellore,1,837660,219518,1,418830.0,0,205
Andhra Pradesh,Ongole,2,294000,219518,1,147000.0,0,210
Andhra Pradesh,Payakaraopeta,1,40000,219518,1,20000.0,0,221
Andhra Pradesh,Pithapuram,1,81000,219518,1,40500.0,0,223
Andhra Pradesh,Rajahmundry,1,581376,219518,1,290688.0,0,232
Andhra Pradesh,Srikakulam,1,207000,219518,1,103500.0,0,269
Andhra Pradesh,Tadepalligudem,1,207000,219518,1,103500.0,0,272
Andhra Pradesh,Tirupati,3,775455,219518,1,387727.5,0,280
Andhra Pradesh,Vijayawada,4,2290780,219518,1,1145390.0,0,295
Andhra Pradesh,Visakhapatnam,6,2385110,219518,1,1192555.0,0,296
Andhra Pradesh,Vizianagaram,2,338000,219518,1,169000.0,0,297
Andhra Pradesh,West Godavari,1,207000,219518,1,103500.0,0,301
Arunachal Pradesh,Itanagar,1,122930,215897,1,61465.0,1,126
Arunachal Pradesh,Naharlagun,1,52000,215897,1,26000.0,1,197
Assam,Barpeta Road,1,35571,118504,1,17785.5,2,34
Assam,Dibrugarh,1,139565,118504,1,69782.5,2,81
Assam,Diphu,1,61797,118504,1,30898.5,2,83
Assam,Guwahati,11,957352,118504,1,478676.0,2,108
Assam,Nagaon,1,147137,118504,1,73568.5,2,195
Assam,Nalbari,1,27839,118504,1,13919.5,2,198
Assam,Silchar,2,172830,118504,1,86415.0,2,262
Assam,Tezpur,2,58559,118504,1,29279.5,2,273
Bihar,Arrah,1,261430,76490,1,130715.0,3,18
Bihar,Bettiah,1,261430,76490,1,130715.0,3,41
Bihar,Bhagalpur,1,400146,76490,1,200073.0,3,42
Bihar,Gaya,1,474093,76490,1,237046.5,3,95
Bihar,Hajipur,1,474093,76490,1,237046.5,3,111
Bihar,Muzaffarpur,2,354462,76490,1,177231.0,3,192
Bihar,Patna,9,1684297,76490,1,842148.5,3,220
Bihar,Purnia,1,282248,76490,1,141124.0,3,229
Bihar,Samastipur,1,67925,76490,1,33962.5,3,247
Bihar,Sassaram,1,147408,76490,1,73704.0,3,253
Bihar,Siwan,1,135066,76490,1,67533.0,3,265
Chhattisgarh,Ambikapur,1,114575,140000,1,57287.5,4,13
Chhattisgarh,Bhilai,1,1003406,140000,1,501703.0,4,46
Chhattisgarh,Bilaspur,3,1003406,140000,1,501703.0,4,54
Chhattisgarh,Dhamtari,1,101677,140000,1,50838.5,4,75
Chhattisgarh,Raipur,6,1010087,140000,1,505043.5,4,231
Chhattisgarh,Rajnandgaon,1,1010087,140000,1,505043.5,4,234
Delhi,Azadpur,1,69220,552727,1,34610.0,5,23
Delhi,Delhi,11,16787941,552727,1,8393970.5,5,73
Delhi,East Delhi,1,1709346,552727,1,854673.0,5,84
Delhi,Narela,1,1709346,552727,1,854673.0,5,201
Delhi,New Delhi,28,142004,552727,1,71002.0,5,206
Delhi,North West Delhi,2,3651261,552727,1,1825630.5,5,209
Goa,Bicholim,2,16986,709045,1,8493.0,6,52
Goa,Margao,2,87650,709045,1,43825.0,6,182
Goa,Mormugao,1,154561,709045,1,77280.5,6,190
Goa,Porvorim,1,59066,709045,1,29533.0,6,226
Goa,VascodaGama,1,94393,709045,1,47196.5,6,292
Gujarat,Ahmedabad,26,5577940,290000,1,2788970.0,7,4
Gujarat,Anand,3,286921,290000,1,143460.5,7,15
Gujarat,Bharuch,2,168138,290000,1,84069.0,7,44
Gujarat,Bhavnagar,1,593304,290000,1,296652.0,7,45
Gujarat,Bhuj,1,593304,290000,1,296652.0,7,51
Gujarat,Bilimora,1,53187,290000,1,26593.5,7,55
Gujarat,Gandhidham,1,247992,290000,1,123996.0,7,92
Gujarat,Gandhinagar,2,292797,290000,1,146398.5,7,93
Gujarat,Godhra,1,143644,290000,1,71822.0,7,98
Gujarat,Himmatnagar,1,81137,290000,1,40568.5,7,116
Gujarat,Jamnagar,1,479913,290000,1,239956.5,7,134
Gujarat,Mehsana,1,184991,290000,1,92495.5,7,185
Gujarat,Nadiad,1,225071,290000,1,112535.5,7,194
Gujarat,Navsari,1,160945,290000,1,80472.5,7,204
Gujarat,Palanpur,1,122344,290000,1,61172.0,7,213
Gujarat,Porbandar,1,122344,290000,1,61172.0,7,225
Gujarat,Rajkot,4,1286678,290000,1,643339.0,7,233
Gujarat,Sanand,1,41530,290000,1,20765.0,7,250
Gujarat,Surat,20,4467797,290000,1,2233898.5,7,270
Gujarat,Vadodara,14,1670806,290000,1,835403.0,7,289
Gujarat,Vapi,2,163630,290000,1,81815.0,7,290
Haryana,Ambala,2,195153,355000,1,97576.5,8,12
Haryana,Faridabad,7,1414050,355000,1,707025.0,8,88
Haryana,Gurugram,15,876969,355000,1,438484.5,8,107
Haryana,Kaithal,1,144915,355000,1,72457.5,8,141
Haryana,Karnal,1,144915,355000,1,72457.5,8,149
Haryana,Kurukshetra,1,155152,355000,1,77576.0,8,169
Haryana,Panchkula,2,211355,355000,1,105677.5,8,216
Haryana,Panipat,1,442277,355000,1,221138.5,8,217
Haryana,Rewari,1,143021,355000,1,71510.5,8,239
Haryana,Rohtak,1,417355,355000,1,208677.5,8,240
Haryana,Sirsa,1,182534,355000,1,91267.0,8,264
Haryana,Sonipat,1,289333,355000,1,144666.5,8,268
Haryana,Yamuna Nagar,1,383318,355000,1,191659.0,8,302
Himachal Pradesh,Palampur,1,3543,215000,1,1771.5,9,212
Himachal Pradesh,Solan,1,580320,215000,1,290160.0,9,266
Himachal Pradesh,Una,1,521173,215000,1,260586.5,9,286
Jammu&Kashmir,Jammu,2,657314,132806,1,328657.0,10,133
Jharkhand,Bokaro,1,564319,95000,1,282159.5,11,56
Jharkhand,Dhanbad,1,1162472,95000,1,581236.0,11,76
Jharkhand,Jamshedpur,3,1337131,95000,1,668565.5,11,135
Jharkhand,Ranchi,2,1126720,95000,1,563360.0,11,236
Karnataka,Bagalkot,1,111933,421858,1,55966.5,12,24
Karnataka,Belgaum,2,488157,421858,1,244078.5,12,38
Karnataka,Bellary,1,410445,421858,1,205222.5,12,39
Karnataka,Bengaluru,62,8443675,421858,1,4221837.5,12,40
Karnataka,Chitradurga,1,145853,421858,1,72926.5,12,64
Karnataka,Davanagere,2,434971,421858,1,217485.5,12,71
Karnataka,Gadag,1,172612,421858,1,86306.0,12,91
Karnataka,Hosapete,1,206167,421858,1,103083.5,12,118
Karnataka,Hubballi,3,943788,421858,1,471894.0,12,121
Karnataka,Kalaburagi,1,533587,421858,1,266793.5,12,143
Karnataka,Mandya,1,137358,421858,1,68679.0,12,179
Karnataka,Mangaluru,3,488968,421858,1,244484.0,12,180
Karnataka,Mysore,4,893062,421858,1,446531.0,12,193
Karnataka,Raichur,1,893062,421858,1,446531.0,12,230
Karnataka,Shivamogga,1,322650,421858,1,161325.0,12,260
Karnataka,Tumakuru,1,302143,421858,1,151071.5,12,283
Karnataka,Udupi,1,125406,421858,1,62703.0,12,285
Karnataka,Vijayapura(Bijapur),1,125406,421858,1,62703.0,12,294
Kerala,Adoor,1,29171,308000,1,14585.5,13,1
Kerala,Alappuzha,1,2127789,308000,1,1063894.5,13,9
Kerala,Kanjirappally,1,2127789,308000,1,1063894.5,13,144
Kerala,Kannur,2,2523003,308000,1,1261501.5,13,145
Kerala,Kochi,13,677381,308000,1,338690.5,13,155
Kerala,Kollam,2,2635375,308000,1,1317687.5,13,160
Kerala,Kondotty,1,2635375,308000,1,1317687.5,13,161
Kerala,Kothamangalam,1,2635375,308000,1,1317687.5,13,164
Kerala,Kottayam,4,136812,308000,1,68406.0,13,165
Kerala,Kozhikode,3,2030519,308000,1,1015259.5,13,166
Kerala,Malappuram,6,4112920,308000,1,2056460.0,13,176
Kerala,Mannarkkad,1,34839,308000,1,17419.5,13,181
Kerala,Palakkad,5,2809934,308000,1,1404967.0,13,211
Kerala,Perintalmanna,1,49723,308000,1,24861.5,13,222
Kerala,Thiruvananthapuram,9,986000,308000,1,493000.0,13,276
Kerala,Thodupuzha,1,52045,308000,1,26022.5,13,277
Kerala,Thrissur,8,315957,308000,1,157978.5,13,278
Kerala,Tirur,1,56058,308000,1,28029.0,13,282
Kerala,Wayanad,1,817420,308000,1,408710.0,13,300
Kerala,kozhikode,3,817420,308000,1,408710.0,13,305
Madhya Pradesh,Ashok Nagar,1,817420,115000,1,408710.0,14,20
Madhya Pradesh,Bhopal,4,2371061,115000,1,1185530.5,14,49
Madhya Pradesh,Chhindwara,1,2090922,115000,1,1045461.0,14,62
Madhya Pradesh,Dewas,1,1563715,115000,1,781857.5,14,74
Madhya Pradesh,Guna,1,1240938,115000,1,620469.0,14,103
Madhya Pradesh,Gwalior,4,2032036,115000,1,1016018.0,14,109
Madhya Pradesh,Indore,9,3276697,115000,1,1638348.5,14,125
Madhya Pradesh,Jabalpur,1,2463289,115000,1,1231644.5,14,127
Madhya Pradesh,Khandwa,1,1310061,115000,1,655030.5,14,151
Madhya Pradesh,Khargone,1,1872413,115000,1,936206.5,14,153
Madhya Pradesh,Rewa,1,1872413,115000,1,936206.5,14,238
Madhya Pradesh,Sagar,1,2378458,115000,1,1189229.0,14,244
Madhya Pradesh,Satna,1,2378458,115000,1,1189229.0,14,254
Madhya Pradesh,Sehore,1,1311332,115000,1,655666.0,14,255
Maharashtra,Ahilyanagar,1,4543159,310000,1,2271579.5,15,3
Maharashtra,Ahmednagar,1,4543159,310000,1,2271579.5,15,5
Maharashtra,Akola,1,4543159,310000,1,2271579.5,15,8
Maharashtra,Amalner,1,4543159,310000,1,2271579.5,15,11
Maharashtra,Aurangabad,1,1175116,310000,1,587558.0,15,21
Maharashtra,Baramati,1,429600,310000,1,214800.0,15,29
Maharashtra,Bhandara,1,1200334,310000,1,600167.0,15,43
Maharashtra,Buldana,1,1200334,310000,1,600167.0,15,60
Maharashtra,Dharashiv,1,1657576,310000,1,828788.0,15,77
Maharashtra,Dhule,1,1657576,310000,1,828788.0,15,80
Maharashtra,Ichalkaranji,1,1657576,310000,1,828788.0,15,123
Maharashtra,Jalgaon,1,4229917,310000,1,2114958.5,15,130
Maharashtra,Jalna,1,1958483,310000,1,979241.5,15,131
Maharashtra,Jaysingpur,1,1958483,310000,1,979241.5,15,136
Maharashtra,Kolhapur,2,3876001,310000,1,1938000.5,15,158
Maharashtra,Latur,2,3876001,310000,1,1938000.5,15,171
Maharashtra,Mumbai,33,3085411,310000,1,1542705.5,15,191
Maharashtra,Nagpur,9,2405421,310000,1,1202710.5,15,196
Maharashtra,Nanded,1,913898,310000,1,456949.0,15,200
Maharashtra,Nashik,9,1486053,310000,1,743026.5,15,202
Maharashtra,Navi Mumbai,11,1120547,310000,1,560273.5,15,203
Maharashtra,Palghar,1,68930,310000,1,34465.0,15,214
Maharashtra,Pune,39,5049968,310000,1,2524984.0,15,228
Maharashtra,Sangamner,1,5049968,310000,1,2524984.0,15,251
Maharashtra,Sangli,1,502793,310000,1,251396.5,15,252
Maharashtra,Shegaon,1,156116,310000,1,78058.0,15,257
Maharashtra,Shirpur,1,16890,310000,1,8445.0,15,259
Maharashtra,Solapur,2,951558,310000,1,475779.0,15,267
Maharashtra,Thane,8,1841488,310000,1,920744.0,15,274
Maharashtra,Wardha,1,1841488,310000,1,920744.0,15,299
Manipur,Churachandpur,1,274143,153993,1,137071.5,16,67
Manipur,Imphal,2,456113,153993,1,228056.5,16,124
Meghalaya,Shillong,1,541319,139602,1,270659.5,17,258
Mizoram,Aizawl,1,439000,200000,1,219500.0,18,6
Nagaland,Dimapur,2,182000,175374,1,91000.0,19,82
Nagaland,Kohima,1,310000,175374,1,155000.0,19,157
Odisha,Angul,1,43795,145000,1,21897.5,20,17
Odisha,Balangir,1,43795,145000,1,21897.5,20,25
Odisha,Balasore,1,43795,145000,1,21897.5,20,26
Odisha,Bargarh,1,1481255,145000,1,740627.5,20,32
Odisha,Bhubaneswar,8,838837,145000,1,419418.5,20,50
Odisha,Brahmapur,1,356598,145000,1,178299.0,20,57
Odisha,Cuttack,2,610189,145000,1,305094.5,20,70
Odisha,Dhenkanal,1,1192811,145000,1,596405.5,20,79
Odisha,Jharsuguda,1,97730,145000,1,48865.0,20,138
Odisha,Raygada,1,967911,145000,1,483955.5,20,237
Odisha,Rourkela,1,309689,145000,1,154844.5,20,241
Odisha,Sambalpur,1,335761,145000,1,167880.5,20,248
Puducherry,Pondicherry,1,335761,145000,1,167880.5,21,224
Punjab,Amritsar,6,2490656,200000,1,1245328.0,22,14
Punjab,Barnala,1,596294,200000,1,298147.0,22,33
Punjab,Batala,1,596294,200000,1,298147.0,22,36
Punjab,Bathinda,2,1388525,200000,1,694262.5,22,37
Punjab,Fategharh Sahib,1,1388525,200000,1,694262.5,22,89
Punjab,Fazilka,1,1388525,200000,1,694262.5,22,90
Punjab,Gurdaspur,1,2299026,200000,1,1149513.0,22,106
Punjab,Hoshiarpur,1,2299026,200000,1,1149513.0,22,119
Punjab,Jalandhar,7,2193590,200000,1,1096795.0,22,129
Punjab,Kapurthala,1,98916,200000,1,49458.0,22,147
Punjab,Ludhiana,8,3498739,200000,1,1749369.5,22,173
Punjab,Moga,1,3498739,200000,1,1749369.5,22,187
Punjab,Mohali,3,994628,200000,1,497314.0,22,188
Punjab,Pathankot,2,156306,200000,1,78153.0,22,218
Punjab,Patiala,2,1895686,200000,1,947843.0,22,219
Punjab,Rajpura,1,1895686,200000,1,947843.0,22,235
Punjab,Rupnagar,1,753900,200000,1,376950.0,22,243
Punjab,Zirakpur,4,230000,200000,1,115000.0,22,303
Punjab,ÃƒÂ‚Ã‚Â NawanshahrÃƒÂ‚Ã‚Â ,1,994628,200000,1,497314.0,22,306
Rajasthan,Ajmer,1,2583052,160000,1,1291526.0,23,7
Rajasthan,Banswara,1,2583052,160000,1,1291526.0,23,28
Rajasthan,Bhilwara,1,2408523,160000,1,1204261.5,23,47
Rajasthan,Bhiwadi,1,104883,160000,1,52441.5,23,48
Rajasthan,Bikaner,1,2363937,160000,1,1181968.5,23,53
Rajasthan,Chittorgarh,1,1544338,160000,1,772169.0,23,66
Rajasthan,Jaipur,19,6626178,160000,1,3313089.0,23,128
Rajasthan,Jodhpur,6,3687165,160000,1,1843582.5,23,139
Rajasthan,Kishangarh,1,154886,160000,1,77443.0,23,154
Rajasthan,Kota,2,1951014,160000,1,975507.0,23,162
Rajasthan,Pali,1,2037573,160000,1,1018786.5,23,215
Rajasthan,Shri Ganganagar,1,1969168,160000,1,984584.0,23,261
Rajasthan,Udaipur,3,3068420,160000,1,1534210.0,23,284
Rajasthan,hanumangarh,2,1544338,160000,1,772169.0,23,304
Sikkim,Gangtok,2,148000,784970,1,74000.0,24,94
Sikkim,Namchi,1,146850,784970,1,73425.0,24,199
Tamil Nadu,Chennai,21,4646732,403847,1,2323366.0,25,61
Tamil Nadu,Coimbatore,7,1050721,403847,1,525360.5,25,68
Tamil Nadu,Dharmapuri,1,68590,403847,1,34295.0,25,78
Tamil Nadu,Erode,1,156953,403847,1,78476.5,25,86
Tamil Nadu,Gobichettipalayam,1,59449,403847,1,29724.5,25,97
Tamil Nadu,Gummdipoondi,1,59449,403847,1,29724.5,25,102
Tamil Nadu,Madurai,3,1017865,403847,1,508932.5,25,174
Tamil Nadu,Salem,1,1017865,403847,1,508932.5,25,246
Tamil Nadu,Thiruvallur,1,1017865,403847,1,508932.5,25,275
Tamil Nadu,Tiruchirappalli,2,847387,403847,1,423693.5,25,279
Tamil Nadu,Tiruppur,3,444543,403847,1,222271.5,25,281
Tamil Nadu,Vellore,1,185895,403847,1,92947.5,25,293
Telangana,Hyderabad,65,3943323,427730,1,1971661.5,26,122
Telangana,Karimnagar,2,1005711,427730,1,502855.5,26,148
Telangana,Khammam,1,2797370,427730,1,1398685.0,26,150
Telangana,Kodad,1,75093,427730,1,37546.5,26,156
Telangana,Kothagudem,1,79819,427730,1,39909.5,26,163
Telangana,Mahbubnagar,1,4053028,427730,1,2026514.0,26,175
Telangana,Mancherial,1,228450,427730,1,114225.0,26,178
Telangana,Nirmal,1,228450,427730,1,114225.0,26,207
Telangana,Suryapet,1,105250,427730,1,52625.0,26,271
Telangana,Warangal,3,3512576,427730,1,1756288.0,26,298
Uttar Pradesh,Agra,6,4418797,90000,1,2209398.5,27,2
Uttar Pradesh,Aligarh,2,3673889,90000,1,1836944.5,27,10
Uttar Pradesh,Ayodhya,1,2470996,90000,1,1235498.0,27,22
Uttar Pradesh,Bareilly,3,4448359,90000,1,2224179.5,27,31
Uttar Pradesh,Budaun,1,3681896,90000,1,1840948.0,27,58
Uttar Pradesh,Bulandshahr,1,3499171,90000,1,1749585.5,27,59
Uttar Pradesh,Etawah,1,1581810,90000,1,790905.0,27,87
Uttar Pradesh,Ghaziabad,12,4681645,90000,1,2340822.5,27,96
Uttar Pradesh,Gonda,1,3433919,90000,1,1716959.5,27,99
Uttar Pradesh,Gorakhpur,4,4440895,90000,1,2220447.5,27,100
Uttar Pradesh,Greater Noida,6,1648115,90000,1,824057.5,27,101
Uttar Pradesh,Hapur,1,1338211,90000,1,669105.5,27,113
Uttar Pradesh,Hardoi,1,1338211,90000,1,669105.5,27,114
Uttar Pradesh,Jhansi,2,1998603,90000,1,999301.5,27,137
Uttar Pradesh,Kanpur,4,4581268,90000,1,2290634.0,27,146
Uttar Pradesh,Lakhimpur,1,4021243,90000,1,2010621.5,27,170
Uttar Pradesh,Lucknow,13,4589838,90000,1,2294919.0,27,172
Uttar Pradesh,Mathura,2,2547184,90000,1,1273592.0,27,183
Uttar Pradesh,Meerut,1,3443689,90000,1,1721844.5,27,184
Uttar Pradesh,Moradabad,1,3443689,90000,1,1721844.5,27,189
Uttar Pradesh,Noida,8,1648115,90000,1,824057.5,27,208
Uttar Pradesh,Prayagraj,1,5954391,90000,1,2977195.5,27,227
Uttar Pradesh,Saharanpur,1,3466382,90000,1,1733191.0,27,245
Uttar Pradesh,Sambhal,1,2216569,90000,1,1108284.5,27,249
Uttar Pradesh,Unnao,1,3108367,90000,1,1554183.5,27,287
Uttar Pradesh,Varanasi,4,3676841,90000,1,1838420.5,27,291
Uttarakhand,Dehradun,6,1696694,210000,1,848347.0,28,72
Uttarakhand,Haldwani,1,232095,210000,1,116047.5,28,112
Uttarakhand,Haridwar,1,232095,210000,1,116047.5,28,115
Uttarakhand,Rudrapur,2,154554,210000,1,77277.0,28,242
West Bengal,Asansol,1,1243008,150000,1,621504.0,29,19
West Bengal,Balurghat,1,153279,150000,1,76639.5,29,27
West Bengal,Bardhaman,1,7717563,150000,1,3858781.5,29,30
West Bengal,Barrackpore,1,7717563,150000,1,3858781.5,29,35
West Bengal,Cooch Behar,1,77935,150000,1,38967.5,29,69
West Bengal,Habra,1,147221,150000,1,73610.5,29,110
West Bengal,Howrah,3,4850029,150000,1,2425014.5,29,120
West Bengal,Jalpaiguri,1,3869675,150000,1,1934837.5,29,132
West Bengal,Kharagpur,1,207604,150000,1,103802.0,29,152
West Bengal,Kolkata,27,4580544,150000,1,2290272.0,29,159
West Bengal,Krishnanagar,1,153062,150000,1,76531.0,29,167
West Bengal,Malda,1,324237,150000,1,162118.5,29,177
West Bengal,Midnapore,1,324237,150000,1,162118.5,29,186
West Bengal,Serampore,1,181842,150000,1,90921.0,29,256
West Bengal,Siliguri,3,513264,150000,1,256632.0,29,263
West Bengal,Uttarpara,1,158589,150000,1,79294.5,29,288
