State,City,Existing_Stores,Estimated_Population,Per_Capita_Income,Malls,buyers_count,State_Encoded,City_Encoded,Norm_Population,Norm_Buyers,Norm_Stores,Priority_Index
Andhra Pradesh,Adoni,1,261000,219518,1,130500,0,0,0.015339067,0.015339067,0,0.512271253
Andhra Pradesh,Anantapur,2,498089,219518,1,249044.5,0,16,0.029464625,0.029464625,0.015625,0.5204467
Andhra Pradesh,Chirala,1,229000,219518,1,114500,0,63,0.013432534,0.013432534,0,0.510746027
Andhra Pradesh,Chittoor,1,248000,219518,1,124000,0,65,0.014564538,0.014564538,0,0.51165163
Andhra Pradesh,Eluru,1,355000,219518,1,177500,0,85,0.020939506,0.020939506,0,0.516751605
Andhra Pradesh,Guntakal,1,178000,219518,1,89000,0,104,0.010393998,0.010393998,0,0.508315198
Andhra Pradesh,Guntur,2,940205,219518,1,470102.5,0,105,0.055805517,0.055805517,0.015625,0.541519413
Andhra Pradesh,Hindupuram,1,214000,219518,1,107000,0,117,0.012538847,0.012538847,0,0.510031078
Andhra Pradesh,Kadapa,1,214000,219518,1,107000,0,140,0.012538847,0.012538847,0,0.510031078
Andhra Pradesh,Kakinada,2,552000,219518,1,276000,0,142,0.032676596,0.032676596,0.015625,0.523016277
Andhra Pradesh,Kurnool,1,745946,219518,1,372973,0,168,0.044231732,0.044231732,0,0.535385386
Andhra Pradesh,Nellore,1,837660,219518,1,418830,0,205,0.049695974,0.049695974,0,0.539756779
Andhra Pradesh,Ongole,2,294000,219518,1,147000,0,210,0.017305178,0.017305178,0.015625,0.510719143
Andhra Pradesh,Payakaraopeta,1,40000,219518,1,20000,0,221,0.002172077,0.002172077,0,0.501737661
Andhra Pradesh,Pithapuram,1,81000,219518,1,40500,0,223,0.004614821,0.004614821,0,0.503691857
Andhra Pradesh,Rajahmundry,1,581376,219518,1,290688,0,232,0.034426793,0.034426793,0,0.527541435
Andhra Pradesh,Srikakulam,1,207000,219518,1,103500,0,269,0.012121793,0.012121793,0,0.509697434
Andhra Pradesh,Tadepalligudem,1,207000,219518,1,103500,0,272,0.012121793,0.012121793,0,0.509697434
Andhra Pradesh,Tirupati,3,775455,219518,1,387727.5,0,280,0.045989853,0.045989853,0.03125,0.530541883
Andhra Pradesh,Vijayawada,4,2290780,219518,1,1145390,0,295,0.136271614,0.136271614,0.046875,0.599642291
Andhra Pradesh,Visakhapatnam,6,2385110,219518,1,1192555,0,296,0.141891714,0.141891714,0.078125,0.597888371
Andhra Pradesh,Vizianagaram,2,338000,219518,1,169000,0,297,0.01992666,0.01992666,0.015625,0.512816328
Andhra Pradesh,West Godavari,1,207000,219518,1,103500,0,301,0.012121793,0.012121793,0,0.509697434
Arunachal Pradesh,Itanagar,1,122930,215897,1,61465,1,126,0.007112975,0.007112975,0,0.50569038
Arunachal Pradesh,Naharlagun,1,52000,215897,1,26000,1,197,0.002887026,0.002887026,0,0.502309621
Assam,Barpeta Road,1,35571,118504,1,17785.5,2,34,0.001908201,0.001908201,0,0.501526561
Assam,Dibrugarh,1,139565,118504,1,69782.5,2,81,0.008104074,0.008104074,0,0.506483259
Assam,Diphu,1,61797,118504,1,30898.5,2,83,0.003470723,0.003470723,0,0.502776579
Assam,Guwahati,11,957352,118504,1,478676,2,108,0.05682712,0.05682712,0.15625,0.514211696
Assam,Nagaon,1,147137,118504,1,73568.5,2,195,0.008555207,0.008555207,0,0.506844166
Assam,Nalbari,1,27839,118504,1,13919.5,2,198,0.001447535,0.001447535,0,0.501158028
Assam,Silchar,2,172830,118504,1,86415,2,262,0.010085974,0.010085974,0.015625,0.504943779
Assam,Tezpur,2,58559,118504,1,29279.5,2,273,0.003277806,0.003277806,0.015625,0.499497245
Bihar,Arrah,1,261430,76490,1,130715,3,18,0.015364686,0.015364686,0,0.512291749
Bihar,Bettiah,1,261430,76490,1,130715,3,41,0.015364686,0.015364686,0,0.512291749
Bihar,Bhagalpur,1,400146,76490,1,200073,3,42,0.023629266,0.023629266,0,0.518903413
Bihar,Gaya,1,474093,76490,1,237046.5,3,95,0.028034964,0.028034964,0,0.522427972
Bihar,Hajipur,1,474093,76490,1,237046.5,3,111,0.028034964,0.028034964,0,0.522427972
Bihar,Muzaffarpur,2,354462,76490,1,177231,3,192,0.020907452,0.020907452,0.015625,0.513600962
Bihar,Patna,9,1684297,76490,1,842148.5,3,220,0.100137878,0.100137878,0.125,0.555110302
Bihar,Purnia,1,282248,76490,1,141124,3,229,0.016605004,0.016605004,0,0.513284003
Bihar,Samastipur,1,67925,76490,1,33962.5,3,247,0.003835824,0.003835824,0,0.503068659
Bihar,Sassaram,1,147408,76490,1,73704,3,253,0.008571353,0.008571353,0,0.506857082
Bihar,Siwan,1,135066,76490,1,67533,3,265,0.007836027,0.007836027,0,0.506268822
Chhattisgarh,Ambikapur,1,114575,140000,1,57287.5,4,13,0.006615191,0.006615191,0,0.505292153
Chhattisgarh,Bhilai,1,1003406,140000,1,501703,4,46,0.059570978,0.059570978,0,0.547656782
Chhattisgarh,Bilaspur,3,1003406,140000,1,501703,4,54,0.059570978,0.059570978,0.03125,0.541406782
Chhattisgarh,Dhamtari,1,101677,140000,1,50838.5,4,75,0.005846739,0.005846739,0,0.504677391
Chhattisgarh,Raipur,6,1010087,140000,1,505043.5,4,231,0.059969026,0.059969026,0.078125,0.532350221
Chhattisgarh,Rajnandgaon,1,1010087,140000,1,505043.5,4,234,0.059969026,0.059969026,0,0.547975221
Delhi,Azadpur,1,69220,552727,1,34610,5,23,0.003912979,0.003912979,0,0.503130383
Delhi,Delhi,11,16787941,552727,1,8393970.5,5,73,1,1,0.15625,1.26875
Delhi,East Delhi,1,1709346,552727,1,854673,5,84,0.101630276,0.101630276,0,0.581304221
Delhi,Narela,1,1709346,552727,1,854673,5,201,0.101630276,0.101630276,0,0.581304221
Delhi,New Delhi,28,142004,552727,1,71002,5,206,0.008249387,0.008249387,0.421875,0.42222451
Delhi,North West Delhi,2,3651261,552727,1,1825630.5,5,209,0.217327902,0.217327902,0.015625,0.670737321
Goa,Bicholim,2,16986,709045,1,8493,6,52,0.000800922,0.000800922,0.015625,0.497515738
Goa,Margao,2,87650,709045,1,43825,6,182,0.005011023,0.005011023,0.015625,0.500883818
Goa,Mormugao,1,154561,709045,1,77280.5,6,190,0.008997523,0.008997523,0,0.507198018
Goa,Porvorim,1,59066,709045,1,29533,6,226,0.003308013,0.003308013,0,0.50264641
Goa,VascodaGama,1,94393,709045,1,47196.5,6,292,0.005412765,0.005412765,0,0.504330212
Gujarat,Ahmedabad,26,5577940,290000,1,2788970,7,4,0.33211778,0.33211778,0.390625,0.687569224
Gujarat,Anand,3,286921,290000,1,143460.5,7,15,0.016883418,0.016883418,0.03125,0.507256734
Gujarat,Bharuch,2,168138,290000,1,84069,7,44,0.009806429,0.009806429,0.015625,0.504720143
Gujarat,Bhavnagar,1,593304,290000,1,296652,7,45,0.035137453,0.035137453,0,0.528109963
Gujarat,Bhuj,1,593304,290000,1,296652,7,51,0.035137453,0.035137453,0,0.528109963
Gujarat,Bilimora,1,53187,290000,1,26593.5,7,55,0.002957747,0.002957747,0,0.502366197
Gujarat,Gandhidham,1,247992,290000,1,123996,7,92,0.014564061,0.014564061,0,0.511651249
Gujarat,Gandhinagar,2,292797,290000,1,146398.5,7,93,0.017233505,0.017233505,0.015625,0.510661804
Gujarat,Godhra,1,143644,290000,1,71822,7,98,0.008347097,0.008347097,0,0.506677678
Gujarat,Himmatnagar,1,81137,290000,1,40568.5,7,116,0.004622984,0.004622984,0,0.503698387
Gujarat,Jamnagar,1,479913,290000,1,239956.5,7,134,0.028381715,0.028381715,0,0.522705372
Gujarat,Mehsana,1,184991,290000,1,92495.5,7,185,0.010810516,0.010810516,0,0.508648413
Gujarat,Nadiad,1,225071,290000,1,112535.5,7,194,0.013198448,0.013198448,0,0.510558758
Gujarat,Navsari,1,160945,290000,1,80472.5,7,204,0.009377876,0.009377876,0,0.507502301
Gujarat,Palanpur,1,122344,290000,1,61172,7,213,0.007078061,0.007078061,0,0.505662449
Gujarat,Porbandar,1,122344,290000,1,61172,7,225,0.007078061,0.007078061,0,0.505662449
Gujarat,Rajkot,4,1286678,290000,1,643339,7,233,0.07644808,0.07644808,0.046875,0.551783464
Gujarat,Sanand,1,41530,290000,1,20765,7,250,0.002263233,0.002263233,0,0.501810586
Gujarat,Surat,20,4467797,290000,1,2233898.5,7,270,0.265976415,0.265976415,0.296875,0.653406132
Gujarat,Vadodara,14,1670806,290000,1,835403,7,289,0.099334096,0.099334096,0.203125,0.538842277
Gujarat,Vapi,2,163630,290000,1,81815,7,290,0.009537846,0.009537846,0.015625,0.504505277
Haryana,Ambala,2,195153,355000,1,97576.5,8,12,0.011415959,0.011415959,0.015625,0.506007767
Haryana,Faridabad,7,1414050,355000,1,707025,8,88,0.084036794,0.084036794,0.09375,0.548479435
Haryana,Gurugram,15,876969,355000,1,438484.5,8,107,0.05203797,0.05203797,0.21875,0.497880376
Haryana,Kaithal,1,144915,355000,1,72457.5,8,141,0.008422822,0.008422822,0,0.506738258
Haryana,Karnal,1,144915,355000,1,72457.5,8,149,0.008422822,0.008422822,0,0.506738258
Haryana,Kurukshetra,1,155152,355000,1,77576,8,169,0.009032734,0.009032734,0,0.507226187
Haryana,Panchkula,2,211355,355000,1,105677.5,8,216,0.01238126,0.01238126,0.015625,0.506780008
Haryana,Panipat,1,442277,355000,1,221138.5,8,217,0.026139394,0.026139394,0,0.520911516
Haryana,Rewari,1,143021,355000,1,71510.5,8,239,0.008309979,0.008309979,0,0.506647983
Haryana,Rohtak,1,417355,355000,1,208677.5,8,240,0.024654563,0.024654563,0,0.51972365
Haryana,Sirsa,1,182534,355000,1,91267,8,264,0.01066413,0.01066413,0,0.508531304
Haryana,Sonipat,1,289333,355000,1,144666.5,8,268,0.017027122,0.017027122,0,0.513621698
Haryana,Yamuna Nagar,1,383318,355000,1,191659,8,302,0.022626668,0.022626668,0,0.518101334
Himachal Pradesh,Palampur,1,3543,215000,1,1771.5,9,212,0,0,0,0.5
Himachal Pradesh,Solan,1,580320,215000,1,290160,9,266,0.034363878,0.034363878,0,0.527491102
Himachal Pradesh,Una,1,521173,215000,1,260586.5,9,286,0.03083995,0.03083995,0,0.52467196
Jammu&Kashmir,Jammu,2,657314,132806,1,328657,10,133,0.038951114,0.038951114,0.015625,0.528035891
Jharkhand,Bokaro,1,564319,95000,1,282159.5,11,56,0.033410552,0.033410552,0,0.526728441
Jharkhand,Dhanbad,1,1162472,95000,1,581236,11,76,0.069047993,0.069047993,0,0.555238395
Jharkhand,Jamshedpur,3,1337131,95000,1,668565.5,11,135,0.079454026,0.079454026,0.03125,0.557313221
Jharkhand,Ranchi,2,1126720,95000,1,563360,11,236,0.06691792,0.06691792,0.015625,0.550409336
Karnataka,Bagalkot,1,111933,421858,1,55966.5,12,24,0.006457783,0.006457783,0,0.505166226
Karnataka,Belgaum,2,488157,421858,1,244078.5,12,38,0.028872885,0.028872885,0.015625,0.519973308
Karnataka,Bellary,1,410445,421858,1,205222.5,12,39,0.024242871,0.024242871,0,0.519394297
Karnataka,Bengaluru,62,8443675,421858,1,4221837.5,12,40,0.502855807,0.502855807,0.953125,0.711659646
Karnataka,Chitradurga,1,145853,421858,1,72926.5,12,64,0.008478707,0.008478707,0,0.506782966
Karnataka,Davanagere,2,434971,421858,1,217485.5,12,71,0.025704109,0.025704109,0.015625,0.517438287
Karnataka,Gadag,1,172612,421858,1,86306,12,91,0.010072986,0.010072986,0,0.508058389
Karnataka,Hosapete,1,206167,421858,1,103083.5,12,118,0.012072164,0.012072164,0,0.509657731
Karnataka,Hubballi,3,943788,421858,1,471894,12,121,0.056018989,0.056018989,0.03125,0.538565191
Karnataka,Kalaburagi,1,533587,421858,1,266793.5,12,143,0.031579566,0.031579566,0,0.525263653
Karnataka,Mandya,1,137358,421858,1,68679,12,179,0.007972583,0.007972583,0,0.506378066
Karnataka,Mangaluru,3,488968,421858,1,244484,12,180,0.028921204,0.028921204,0.03125,0.516886963
Karnataka,Mysore,4,893062,421858,1,446531,12,193,0.052996777,0.052996777,0.046875,0.533022422
Karnataka,Raichur,1,893062,421858,1,446531,12,230,0.052996777,0.052996777,0,0.542397422
Karnataka,Shivamogga,1,322650,421858,1,161325,12,260,0.019012121,0.019012121,0,0.515209697
Karnataka,Tumakuru,1,302143,421858,1,151071.5,12,283,0.017790331,0.017790331,0,0.514232265
Karnataka,Udupi,1,125406,421858,1,62703,12,285,0.007260493,0.007260493,0,0.505808394
Karnataka,Vijayapura(Bijapur),1,125406,421858,1,62703,12,294,0.007260493,0.007260493,0,0.505808394
Kerala,Adoor,1,29171,308000,1,14585.5,13,1,0.001526894,0.001526894,0,0.501221515
Kerala,Alappuzha,1,2127789,308000,1,1063894.5,13,9,0.12656075,0.12656075,0,0.6012486
Kerala,Kanjirappally,1,2127789,308000,1,1063894.5,13,144,0.12656075,0.12656075,0,0.6012486
Kerala,Kannur,2,2523003,308000,1,1261501.5,13,145,0.15010726,0.15010726,0.015625,0.616960808
Kerala,Kochi,13,677381,308000,1,338690.5,13,155,0.040146689,0.040146689,0.1875,0.494617351
Kerala,Kollam,2,2635375,308000,1,1317687.5,13,160,0.156802287,0.156802287,0.015625,0.62231683
Kerala,Kondotty,1,2635375,308000,1,1317687.5,13,161,0.156802287,0.156802287,0,0.62544183
Kerala,Kothamangalam,1,2635375,308000,1,1317687.5,13,164,0.156802287,0.156802287,0,0.62544183
Kerala,Kottayam,4,136812,308000,1,68406,13,165,0.007940052,0.007940052,0.046875,0.496977042
Kerala,Kozhikode,3,2030519,308000,1,1015259.5,13,166,0.120765487,0.120765487,0.03125,0.59036239
Kerala,Malappuram,6,4112920,308000,1,2056460,13,176,0.244833148,0.244833148,0.078125,0.680241518
Kerala,Mannarkkad,1,34839,308000,1,17419.5,13,181,0.001864589,0.001864589,0,0.501491671
Kerala,Palakkad,5,2809934,308000,1,1404967,13,211,0.167202363,0.167202363,0.0625,0.62126189
Kerala,Perintalmanna,1,49723,308000,1,24861.5,13,222,0.002751365,0.002751365,0,0.502201092
Kerala,Thiruvananthapuram,9,986000,308000,1,493000,13,276,0.058533943,0.058533943,0.125,0.521827155
Kerala,Thodupuzha,1,52045,308000,1,26022.5,13,277,0.002889707,0.002889707,0,0.502311766
Kerala,Thrissur,8,315957,308000,1,157978.5,13,278,0.018613357,0.018613357,0.109375,0.493015686
Kerala,Tirur,1,56058,308000,1,28029,13,282,0.003128799,0.003128799,0,0.502503039
Kerala,Wayanad,1,817420,308000,1,408710,13,300,0.048490092,0.048490092,0,0.538792073
Kerala,kozhikode,3,817420,308000,1,408710,13,305,0.048490092,0.048490092,0.03125,0.532542073
Madhya Pradesh,Ashok Nagar,1,817420,115000,1,408710,14,20,0.048490092,0.048490092,0,0.538792073
Madhya Pradesh,Bhopal,4,2371061,115000,1,1185530.5,14,49,0.141054687,0.141054687,0.046875,0.603468749
Madhya Pradesh,Chhindwara,1,2090922,115000,1,1045461,14,62,0.124364246,0.124364246,0,0.599491397
Madhya Pradesh,Dewas,1,1563715,115000,1,781857.5,14,74,0.092953706,0.092953706,0,0.574362965
Madhya Pradesh,Guna,1,1240938,115000,1,620469,14,103,0.07372293,0.07372293,0,0.558978344
Madhya Pradesh,Gwalior,4,2032036,115000,1,1016018,14,109,0.120855869,0.120855869,0.046875,0.587309695
Madhya Pradesh,Indore,9,3276697,115000,1,1638348.5,14,125,0.195011701,0.195011701,0.125,0.631009361
Madhya Pradesh,Jabalpur,1,2463289,115000,1,1231644.5,14,127,0.146549552,0.146549552,0,0.617239641
Madhya Pradesh,Khandwa,1,1310061,115000,1,655030.5,14,151,0.077841219,0.077841219,0,0.562272975
Madhya Pradesh,Khargone,1,1872413,115000,1,936206.5,14,153,0.111345668,0.111345668,0,0.589076534
Madhya Pradesh,Rewa,1,1872413,115000,1,936206.5,14,238,0.111345668,0.111345668,0,0.589076534
Madhya Pradesh,Sagar,1,2378458,115000,1,1189229,14,244,0.141495394,0.141495394,0,0.613196315
Madhya Pradesh,Satna,1,2378458,115000,1,1189229,14,254,0.141495394,0.141495394,0,0.613196315
Madhya Pradesh,Sehore,1,1311332,115000,1,655666,14,255,0.077916944,0.077916944,0,0.562333555
Maharashtra,Ahilyanagar,1,4543159,310000,1,2271579.5,15,3,0.270466418,0.270466418,0,0.716373134
Maharashtra,Ahmednagar,1,4543159,310000,1,2271579.5,15,5,0.270466418,0.270466418,0,0.716373134
Maharashtra,Akola,1,4543159,310000,1,2271579.5,15,8,0.270466418,0.270466418,0,0.716373134
Maharashtra,Amalner,1,4543159,310000,1,2271579.5,15,11,0.270466418,0.270466418,0,0.716373134
Maharashtra,Aurangabad,1,1175116,310000,1,587558,15,21,0.069801312,0.069801312,0,0.55584105
Maharashtra,Baramati,1,429600,310000,1,214800,15,29,0.02538411,0.02538411,0,0.520307288
Maharashtra,Bhandara,1,1200334,310000,1,600167,15,43,0.071303779,0.071303779,0,0.557043023
Maharashtra,Buldana,1,1200334,310000,1,600167,15,60,0.071303779,0.071303779,0,0.557043023
Maharashtra,Dharashiv,1,1657576,310000,1,828788,15,77,0.098545864,0.098545864,0,0.578836691
Maharashtra,Dhule,1,1657576,310000,1,828788,15,80,0.098545864,0.098545864,0,0.578836691
Maharashtra,Ichalkaranji,1,1657576,310000,1,828788,15,123,0.098545864,0.098545864,0,0.578836691
Maharashtra,Jalgaon,1,4229917,310000,1,2114958.5,15,130,0.251803729,0.251803729,0,0.701442983
Maharashtra,Jalna,1,1958483,310000,1,979241.5,15,131,0.116473644,0.116473644,0,0.593178915
Maharashtra,Jaysingpur,1,1958483,310000,1,979241.5,15,136,0.116473644,0.116473644,0,0.593178915
Maharashtra,Kolhapur,2,3876001,310000,1,1938000.5,15,158,0.230717718,0.230717718,0.015625,0.681449174
Maharashtra,Latur,2,3876001,310000,1,1938000.5,15,171,0.230717718,0.230717718,0.015625,0.681449174
Maharashtra,Mumbai,33,3085411,310000,1,1542705.5,15,191,0.183615045,0.183615045,0.5,0.546892036
Maharashtra,Nagpur,9,2405421,310000,1,1202710.5,15,196,0.143101826,0.143101826,0.125,0.589481461
Maharashtra,Nanded,1,913898,310000,1,456949,15,200,0.054238168,0.054238168,0,0.543390534
Maharashtra,Nashik,9,1486053,310000,1,743026.5,15,202,0.088326671,0.088326671,0.125,0.545661337
Maharashtra,Navi Mumbai,11,1120547,310000,1,560273.5,15,203,0.066550138,0.066550138,0.15625,0.52199011
Maharashtra,Palghar,1,68930,310000,1,34465,15,214,0.003895701,0.003895701,0,0.503116561
Maharashtra,Pune,39,5049968,310000,1,2524984,15,228,0.300661662,0.300661662,0.59375,0.62177933
Maharashtra,Sangamner,1,5049968,310000,1,2524984,15,251,0.300661662,0.300661662,0,0.74052933
Maharashtra,Sangli,1,502793,310000,1,251396.5,15,252,0.029744886,0.029744886,0,0.523795909
Maharashtra,Shegaon,1,156116,310000,1,78058,15,257,0.009090168,0.009090168,0,0.507272135
Maharashtra,Shirpur,1,16890,310000,1,8445,15,259,0.000795203,0.000795203,0,0.500636162
Maharashtra,Solapur,2,951558,310000,1,475779,15,267,0.056481919,0.056481919,0.015625,0.542060535
Maharashtra,Thane,8,1841488,310000,1,920744,15,274,0.109503183,0.109503183,0.109375,0.565727546
Maharashtra,Wardha,1,1841488,310000,1,920744,15,299,0.109503183,0.109503183,0,0.587602546
Manipur,Churachandpur,1,274143,153993,1,137071.5,16,67,0.016122115,0.016122115,0,0.512897692
Manipur,Imphal,2,456113,153993,1,228056.5,16,124,0.026963731,0.026963731,0.015625,0.518445985
Meghalaya,Shillong,1,541319,139602,1,270659.5,17,258,0.032040232,0.032040232,0,0.525632185
Mizoram,Aizawl,1,439000,200000,1,219500,18,6,0.025944154,0.025944154,0,0.520755323
Nagaland,Dimapur,2,182000,175374,1,91000,19,82,0.010632315,0.010632315,0.015625,0.505380852
Nagaland,Kohima,1,310000,175374,1,155000,19,157,0.018258445,0.018258445,0,0.514606756
Odisha,Angul,1,43795,145000,1,21897.5,20,17,0.00239818,0.00239818,0,0.501918544
Odisha,Balangir,1,43795,145000,1,21897.5,20,25,0.00239818,0.00239818,0,0.501918544
Odisha,Balasore,1,43795,145000,1,21897.5,20,26,0.00239818,0.00239818,0,0.501918544
Odisha,Bargarh,1,1481255,145000,1,740627.5,20,32,0.08804081,0.08804081,0,0.570432648
Odisha,Bhubaneswar,8,838837,145000,1,419418.5,20,50,0.049766098,0.049766098,0.109375,0.517937879
Odisha,Brahmapur,1,356598,145000,1,178299,20,57,0.021034713,0.021034713,0,0.516827771
Odisha,Cuttack,2,610189,145000,1,305094.5,20,70,0.036143447,0.036143447,0.015625,0.525789758
Odisha,Dhenkanal,1,1192811,145000,1,596405.5,20,79,0.070855565,0.070855565,0,0.556684452
Odisha,Jharsuguda,1,97730,145000,1,48865,20,138,0.00561158,0.00561158,0,0.504489264
Odisha,Raygada,1,967911,145000,1,483955.5,20,237,0.057456216,0.057456216,0,0.545964973
Odisha,Rourkela,1,309689,145000,1,154844.5,20,241,0.018239915,0.018239915,0,0.514591932
Odisha,Sambalpur,1,335761,145000,1,167880.5,20,248,0.019793263,0.019793263,0,0.51583461
Puducherry,Pondicherry,1,335761,145000,1,167880.5,21,224,0.019793263,0.019793263,0,0.51583461
Punjab,Amritsar,6,2490656,200000,1,1245328,22,14,0.148180054,0.148180054,0.078125,0.602919043
Punjab,Barnala,1,596294,200000,1,298147,22,33,0.035315595,0.035315595,0,0.528252476
Punjab,Batala,1,596294,200000,1,298147,22,36,0.035315595,0.035315595,0,0.528252476
Punjab,Bathinda,2,1388525,200000,1,694262.5,22,37,0.082516037,0.082516037,0.015625,0.562887829
Punjab,Fategharh Sahib,1,1388525,200000,1,694262.5,22,89,0.082516037,0.082516037,0,0.566012829
Punjab,Fazilka,1,1388525,200000,1,694262.5,22,90,0.082516037,0.082516037,0,0.566012829
Punjab,Gurdaspur,1,2299026,200000,1,1149513,22,106,0.136762903,0.136762903,0,0.609410323
Punjab,Hoshiarpur,1,2299026,200000,1,1149513,22,119,0.136762903,0.136762903,0,0.609410323
Punjab,Jalandhar,7,2193590,200000,1,1096795,22,129,0.130481117,0.130481117,0.09375,0.585634894
Punjab,Kapurthala,1,98916,200000,1,49458,22,147,0.005682241,0.005682241,0,0.504545793
Punjab,Ludhiana,8,3498739,200000,1,1749369.5,22,173,0.208240772,0.208240772,0.109375,0.644717618
Punjab,Moga,1,3498739,200000,1,1749369.5,22,187,0.208240772,0.208240772,0,0.666592618
Punjab,Mohali,3,994628,200000,1,497314,22,188,0.059047992,0.059047992,0.03125,0.540988394
Punjab,Pathankot,2,156306,200000,1,78153,22,218,0.009101488,0.009101488,0.015625,0.504156191
Punjab,Patiala,2,1895686,200000,1,947843,22,219,0.112732253,0.112732253,0.015625,0.587060802
Punjab,Rajpura,1,1895686,200000,1,947843,22,235,0.112732253,0.112732253,0,0.590185802
Punjab,Rupnagar,1,753900,200000,1,376950,22,243,0.044705625,0.044705625,0,0.5357645
Punjab,Zirakpur,4,230000,200000,1,115000,22,303,0.013492113,0.013492113,0.046875,0.501418691
Punjab,ÃƒÂ‚Ã‚Â NawanshahrÃƒÂ‚Ã‚Â ,1,994628,200000,1,497314,22,306,0.059047992,0.059047992,0,0.547238394
Rajasthan,Ajmer,1,2583052,160000,1,1291526,23,7,0.153684928,0.153684928,0,0.622947942
Rajasthan,Banswara,1,2583052,160000,1,1291526,23,28,0.153684928,0.153684928,0,0.622947942
Rajasthan,Bhilwara,1,2408523,160000,1,1204261.5,23,47,0.14328664,0.14328664,0,0.614629312
Rajasthan,Bhiwadi,1,104883,160000,1,52441.5,23,48,0.00603775,0.00603775,0,0.5048302
Rajasthan,Bikaner,1,2363937,160000,1,1181968.5,23,53,0.140630245,0.140630245,0,0.612504196
Rajasthan,Chittorgarh,1,1544338,160000,1,772169,23,66,0.091799241,0.091799241,0,0.573439393
Rajasthan,Jaipur,19,6626178,160000,1,3313089,23,128,0.394570899,0.394570899,0.28125,0.759406719
Rajasthan,Jodhpur,6,3687165,160000,1,1843582.5,23,139,0.219467031,0.219467031,0.078125,0.659948625
Rajasthan,Kishangarh,1,154886,160000,1,77443,23,154,0.009016886,0.009016886,0,0.507213509
Rajasthan,Kota,2,1951014,160000,1,975507,23,162,0.116028648,0.116028648,0.015625,0.589697918
Rajasthan,Pali,1,2037573,160000,1,1018786.5,23,215,0.121185758,0.121185758,0,0.596948607
Rajasthan,Shri Ganganagar,1,1969168,160000,1,984584,23,261,0.117110247,0.117110247,0,0.593688198
Rajasthan,Udaipur,3,3068420,160000,1,1534210,23,284,0.182602736,0.182602736,0.03125,0.639832189
Rajasthan,hanumangarh,2,1544338,160000,1,772169,23,304,0.091799241,0.091799241,0.015625,0.570314393
Sikkim,Gangtok,2,148000,784970,1,74000,24,94,0.008606624,0.008606624,0.015625,0.503760299
Sikkim,Namchi,1,146850,784970,1,73425,24,199,0.008538108,0.008538108,0,0.506830486
Tamil Nadu,Chennai,21,4646732,403847,1,2323366,25,61,0.276637208,0.276637208,0.3125,0.658809766
Tamil Nadu,Coimbatore,7,1050721,403847,1,525360.5,25,68,0.062389965,0.062389965,0.09375,0.531161972
Tamil Nadu,Dharmapuri,1,68590,403847,1,34295,25,78,0.003875444,0.003875444,0,0.503100355
Tamil Nadu,Erode,1,156953,403847,1,78476.5,25,86,0.009140036,0.009140036,0,0.507312029
Tamil Nadu,Gobichettipalayam,1,59449,403847,1,29724.5,25,97,0.003330831,0.003330831,0,0.502664665
Tamil Nadu,Gummdipoondi,1,59449,403847,1,29724.5,25,102,0.003330831,0.003330831,0,0.502664665
Tamil Nadu,Madurai,3,1017865,403847,1,508932.5,25,174,0.060432433,0.060432433,0.03125,0.542095946
Tamil Nadu,Salem,1,1017865,403847,1,508932.5,25,246,0.060432433,0.060432433,0,0.548345946
Tamil Nadu,Thiruvallur,1,1017865,403847,1,508932.5,25,275,0.060432433,0.060432433,0,0.548345946
Tamil Nadu,Tiruchirappalli,2,847387,403847,1,423693.5,25,279,0.0502755,0.0502755,0.015625,0.5370954
Tamil Nadu,Tiruppur,3,444543,403847,1,222271.5,25,281,0.026274401,0.026274401,0.03125,0.514769521
Tamil Nadu,Vellore,1,185895,403847,1,92947.5,25,293,0.010864375,0.010864375,0,0.5086915
Telangana,Hyderabad,65,3943323,427730,1,1971661.5,26,122,0.234728705,0.234728705,1,0.487782964
Telangana,Karimnagar,2,1005711,427730,1,502855.5,26,148,0.059708308,0.059708308,0.015625,0.544641646
Telangana,Khammam,1,2797370,427730,1,1398685,26,150,0.16645381,0.16645381,0,0.633163048
Telangana,Kodad,1,75093,427730,1,37546.5,26,156,0.004262887,0.004262887,0,0.50341031
Telangana,Kothagudem,1,79819,427730,1,39909.5,26,163,0.004544458,0.004544458,0,0.503635567
Telangana,Mahbubnagar,1,4053028,427730,1,2026514,26,175,0.241264834,0.241264834,0,0.693011867
Telangana,Mancherial,1,228450,427730,1,114225,26,178,0.013399766,0.013399766,0,0.510719813
Telangana,Nirmal,1,228450,427730,1,114225,26,207,0.013399766,0.013399766,0,0.510719813
Telangana,Suryapet,1,105250,427730,1,52625,26,271,0.006059616,0.006059616,0,0.504847692
Telangana,Warangal,3,3512576,427730,1,1756288,26,298,0.209065169,0.209065169,0.03125,0.661002135
Uttar Pradesh,Agra,6,4418797,90000,1,2209398.5,27,2,0.263057037,0.263057037,0.078125,0.694820629
Uttar Pradesh,Aligarh,2,3673889,90000,1,1836944.5,27,10,0.218676059,0.218676059,0.015625,0.671815847
Uttar Pradesh,Ayodhya,1,2470996,90000,1,1235498,27,22,0.147008728,0.147008728,0,0.617606982
Uttar Pradesh,Bareilly,3,4448359,90000,1,2224179.5,27,31,0.264818315,0.264818315,0.03125,0.705604652
Uttar Pradesh,Budaun,1,3681896,90000,1,1840948,27,58,0.219153109,0.219153109,0,0.675322487
Uttar Pradesh,Bulandshahr,1,3499171,90000,1,1749585.5,27,59,0.20826651,0.20826651,0,0.666613208
Uttar Pradesh,Etawah,1,1581810,90000,1,790905,27,87,0.094031791,0.094031791,0,0.575225433
Uttar Pradesh,Ghaziabad,12,4681645,90000,1,2340822.5,27,96,0.278717294,0.278717294,0.171875,0.688598836
Uttar Pradesh,Gonda,1,3433919,90000,1,1716959.5,27,99,0.204378852,0.204378852,0,0.663503082
Uttar Pradesh,Gorakhpur,4,4440895,90000,1,2220447.5,27,100,0.264373616,0.264373616,0.046875,0.702123893
Uttar Pradesh,Greater Noida,6,1648115,90000,1,824057.5,27,101,0.097982186,0.097982186,0.078125,0.562760748
Uttar Pradesh,Hapur,1,1338211,90000,1,669105.5,27,113,0.079518372,0.079518372,0,0.563614697
Uttar Pradesh,Hardoi,1,1338211,90000,1,669105.5,27,114,0.079518372,0.079518372,0,0.563614697
Uttar Pradesh,Jhansi,2,1998603,90000,1,999301.5,27,137,0.118863959,0.118863959,0.015625,0.591966167
Uttar Pradesh,Kanpur,4,4581268,90000,1,2290634,27,146,0.272736919,0.272736919,0.046875,0.708814535
Uttar Pradesh,Lakhimpur,1,4021243,90000,1,2010621.5,27,170,0.239371111,0.239371111,0,0.691496889
Uttar Pradesh,Lucknow,13,4589838,90000,1,2294919,27,172,0.273247512,0.273247512,0.1875,0.68109801
Uttar Pradesh,Mathura,2,2547184,90000,1,1273592,27,183,0.151547944,0.151547944,0.015625,0.618113355
Uttar Pradesh,Meerut,1,3443689,90000,1,1721844.5,27,184,0.204960941,0.204960941,0,0.663968752
Uttar Pradesh,Moradabad,1,3443689,90000,1,1721844.5,27,189,0.204960941,0.204960941,0,0.663968752
Uttar Pradesh,Noida,8,1648115,90000,1,824057.5,27,208,0.097982186,0.097982186,0.109375,0.556510748
Uttar Pradesh,Prayagraj,1,5954391,90000,1,2977195.5,27,227,0.354546407,0.354546407,0,0.783637125
Uttar Pradesh,Saharanpur,1,3466382,90000,1,1733191,27,245,0.20631297,0.20631297,0,0.665050376
Uttar Pradesh,Sambhal,1,2216569,90000,1,1108284.5,27,249,0.131850186,0.131850186,0,0.605480149
Uttar Pradesh,Unnao,1,3108367,90000,1,1554183.5,27,287,0.184982744,0.184982744,0,0.647986195
Uttar Pradesh,Varanasi,4,3676841,90000,1,1838420.5,27,291,0.218851936,0.218851936,0.046875,0.665706549
Uttarakhand,Dehradun,6,1696694,210000,1,848347,28,72,0.100876481,0.100876481,0.078125,0.565076185
Uttarakhand,Haldwani,1,232095,210000,1,116047.5,28,112,0.013616932,0.013616932,0,0.510893545
Uttarakhand,Haridwar,1,232095,210000,1,116047.5,28,115,0.013616932,0.013616932,0,0.510893545
Uttarakhand,Rudrapur,2,154554,210000,1,77277,28,242,0.008997106,0.008997106,0.015625,0.504072684
West Bengal,Asansol,1,1243008,150000,1,621504,29,19,0.073846259,0.073846259,0,0.559077007
West Bengal,Balurghat,1,153279,150000,1,76639.5,29,27,0.008921142,0.008921142,0,0.507136914
West Bengal,Bardhaman,1,7717563,150000,1,3858781.5,29,30,0.459594678,0.459594678,0,0.867675743
West Bengal,Barrackpore,1,7717563,150000,1,3858781.5,29,35,0.459594678,0.459594678,0,0.867675743
West Bengal,Cooch Behar,1,77935,150000,1,38967.5,29,69,0.004432211,0.004432211,0,0.503545769
West Bengal,Habra,1,147221,150000,1,73610.5,29,110,0.008560212,0.008560212,0,0.506848169
West Bengal,Howrah,3,4850029,150000,1,2425014.5,29,120,0.288749468,0.288749468,0.03125,0.724749575
West Bengal,Jalpaiguri,1,3869675,150000,1,1934837.5,29,132,0.23034082,0.23034082,0,0.684272656
West Bengal,Kharagpur,1,207604,150000,1,103802,29,152,0.012157779,0.012157779,0,0.509726223
West Bengal,Kolkata,27,4580544,150000,1,2290272,29,159,0.272693784,0.272693784,0.40625,0.636905027
West Bengal,Krishnanagar,1,153062,150000,1,76531,29,167,0.008908213,0.008908213,0,0.507126571
West Bengal,Malda,1,324237,150000,1,162118.5,29,177,0.019106673,0.019106673,0,0.515285338
West Bengal,Midnapore,1,324237,150000,1,162118.5,29,186,0.019106673,0.019106673,0,0.515285338
West Bengal,Serampore,1,181842,150000,1,90921,29,256,0.010622901,0.010622901,0,0.508498321
West Bengal,Siliguri,3,513264,150000,1,256632,29,263,0.030368739,0.030368739,0.03125,0.518044991
West Bengal,Uttarpara,1,158589,150000,1,79294.5,29,288,0.009237507,0.009237507,0,0.507390006
